dt,x,y,position,velocity,acceleration,jerk,heading
0.400000,100.875550,100.000000,0.915550,4.577752,11.444380,28.610950,0.000000
0.400000,104.537752,100.000000,4.577752,13.733256,22.888760,28.610950,0.000000
0.400000,111.862155,100.000000,11.902155,22.888760,22.888760,0.000000,0.000000
0.400000,121.607675,100.000000,21.647675,25.838837,7.375193,-38.783917,0.000000
0.400000,130.702124,100.000000,30.742124,19.633411,-15.513567,-57.221900,0.000000
0.400000,136.724388,100.000000,36.764388,10.477907,-22.888760,-18.437983,0.000000
0.400000,139.409985,100.000000,39.449985,2.950077,-18.819573,10.172967,0.000000
0.400000,140.000000,100.000000,40.040000,0.000000,-7.375193,28.610950,0.000000
0.400000,140.000000,100.000000,40.040000,0.000000,0.000000,18.437983,0.000000
