dt,x,y,position,velocity,acceleration,jerk,heading
0.400000,100.875550,114.000000,0.915550,4.577752,11.444380,28.610950,0.000000
0.400000,104.537752,114.000000,4.577752,9.155504,11.444380,-0.000000,0.000000
0.400000,111.862155,114.000000,11.902155,18.311008,22.888760,28.610950,0.000000
0.400000,121.607675,114.000000,21.647675,24.363799,15.131977,-19.391958,0.000000
0.400000,130.702124,114.000000,30.742124,22.736124,-4.069187,-48.002908,0.000000
0.400000,136.724388,114.000000,36.764388,15.055659,-19.201163,-37.829942,0.000000
0.400000,139.409985,114.000000,39.449985,6.713992,-20.854167,-4.132508,0.000000
0.400000,140.000000,114.000000,40.040000,1.475039,-13.097383,19.391958,0.000000
0.400000,140.000000,114.000000,40.040000,0.000000,-3.687597,23.524467,0.000000
